repo, support, full_support
esfera.git, 2461, 7103
django-search-movies.git, 34344, 40553
contrihub-18.git, 49565, 57616
emailgrabberr.git, 11328, 17423
arrow_war.git, 11571, 17145
leetcode-javascript.git, 12857, 14843
source-engine-model-loader.git, 12835, 15161
wordcloudapi.git, 3942, 6933
diy-biller.git, 6883, 9811
asr-web-based-restaurant.git, 7938, 11867
dragonfly.git, 14701, 20104
diyprojects.git, 25557, 37689
qasimulator_serverside.git, 13312, 20898
csd2c.git, 2610, 9530
dilp2019.git, 5805, 10941
