repo, labels
soundnode-redux.git, 7
money-mapper.git, 8
divergent-prototype.git, 5
threejs-tutorial.git, 13
react-auth-server-admin.git, 8
hr-service-desk-alpha.git, 7
github-actions-continuous-delivery.git, 3
altas.git, 8
mattermost-sourcecode-edited.git, 8
butterfly.git, 7
hipeerlab-platform-fe.git, 8
gatsby-starter-netlify-cms.git, 8
guardioes-web.git, 12
noodles-admin.git, 8
gatsby.git, 6
nodeciudemy.git, 7
skynet.git, 7
control-de-produccion-api.git, 10
fetch.git, 8
reach.git, 7
post--grand-tour.git, 14
snickr.git, 9
